INSERT INTO USER VALUES ('ab123','6cf615d5bcaac778352a8f1f3360d23f02f34ec182e259897fd6ce485d7870d4','John','Taylor',STR_TO_DATE('24-9-1984','%d-%m-%Y'),'RENTER');
INSERT INTO USER VALUES ('bc223','6cf615d5bcaac778352a8f1f3360d23f02f34ec182e259897fd6ce485d7870d4','John','Taylor',STR_TO_DATE('24-9-1984','%d-%m-%Y'),'RENTER');
INSERT INTO USER VALUES ('gc213','6cf615d5bcaac778352a8f1f3360d23f02f34ec182e259897fd6ce485d7870d4','John','Taylor',STR_TO_DATE('24-9-1984','%d-%m-%Y'),'RENTER');
INSERT INTO USER VALUES ('bh214','6cf615d5bcaac778352a8f1f3360d23f02f34ec182e259897fd6ce485d7870d4','John','Taylor',STR_TO_DATE('24-9-1984','%d-%m-%Y'),'RENTER');
INSERT INTO USER VALUES ('bn114','6cf615d5bcaac778352a8f1f3360d23f02f34ec182e259897fd6ce485d7870d4','John','Taylor',STR_TO_DATE('24-9-1984','%d-%m-%Y'),'RENTER');
INSERT INTO USER VALUES ('vbn143','6cf615d5bcaac778352a8f1f3360d23f02f34ec182e259897fd6ce485d7870d4','John','Taylor',STR_TO_DATE('24-9-1984','%d-%m-%Y'),'RENTER');
INSERT INTO USER VALUES ('nhn126','6cf615d5bcaac778352a8f1f3360d23f02f34ec182e259897fd6ce485d7870d4','John','Taylor',STR_TO_DATE('24-9-1984','%d-%m-%Y'),'RENTER');
INSERT INTO USER VALUES ('ph123','6cf615d5bcaac778352a8f1f3360d23f02f34ec182e259897fd6ce485d7870d4','John','Taylor',STR_TO_DATE('24-9-1984','%d-%m-%Y'),'RENTER');
INSERT INTO USER VALUES ('cd123','6cf615d5bcaac778352a8f1f3360d23f02f34ec182e259897fd6ce485d7870d4','John','Taylor',STR_TO_DATE('24-9-1984','%d-%m-%Y'),'RENTER');
INSERT INTO USER VALUES ('fe123','6cf615d5bcaac778352a8f1f3360d23f02f34ec182e259897fd6ce485d7870d4','John','Taylor',STR_TO_DATE('24-9-1984','%d-%m-%Y'),'RENTER');
INSERT INTO USER VALUES ('ldt999','6cf615d5bcaac778352a8f1f3360d23f02f34ec182e259897fd6ce485d7870d4','Dan','Tran',STR_TO_DATE('24-9-1994','%d-%m-%Y'),'OWNER');
INSERT INTO USER VALUES ('hg123','6cf615d5bcaac778352a8f1f3360d23f02f34ec182e259897fd6ce485d7870d4','Hugo','Smith',STR_TO_DATE('24-9-1984','%d-%m-%Y'),'OWNER');
INSERT INTO USER VALUES ('tn887','6cf615d5bcaac778352a8f1f3360d23f02f34ec182e259897fd6ce485d7870d4','Tenzin','Niydon',STR_TO_DATE('24-9-1994','%d-%m-%Y'),'OWNER');
INSERT INTO CARRENTER VALUES ('ab123','112345671','2234567891111111',NULL);
INSERT INTO CARRENTER VALUES ('bc223','112345672','2234567891111112',NULL);
INSERT INTO CARRENTER VALUES ('gc213','112345673','2234567891111113',NULL);
INSERT INTO CARRENTER VALUES ('bh214','112345674','2234567891111114',NULL);
INSERT INTO CARRENTER VALUES ('bn114','112345675','2234567891111115',NULL);
INSERT INTO CARRENTER VALUES ('vbn143','112345676','2234567891111116',NULL);
INSERT INTO CARRENTER VALUES ('nhn126','112345677','2234567891111117',NULL);
INSERT INTO CARRENTER VALUES ('ph123','112345678','2234567891111118',NULL);
INSERT INTO CARRENTER VALUES ('cd123','112345679','2234567891111119',NULL);
INSERT INTO CARRENTER VALUES ('fe123','112345610','2234567891111110',NULL);
INSERT INTO CARRENTER VALUES ('ldt999','212345679','3234567891111119',NULL);
INSERT INTO CARRENTER VALUES ('hg123','212345610','3234567891111110',NULL);
INSERT INTO CARRENTER VALUES ('tn887','1212345610','3234567891111118',NULL);
INSERT INTO CAROWNER VALUES ('ldt999','123456','123456789');
INSERT INTO CAROWNER VALUES ('hg123','123456','223456789');
INSERT INTO CAROWNER VALUES ('tn887','123456','323456789');
INSERT INTO CREDITCARD VALUES ('2234567891111111',STR_TO_DATE('23-06-2032','%d-%m-%Y'),'John Taylor', 10000, 123);
INSERT INTO CREDITCARD VALUES ('2234567891111112',STR_TO_DATE('23-06-2032','%d-%m-%Y'),'John Taylor', 10000, 123);
INSERT INTO CREDITCARD VALUES ('2234567891111113',STR_TO_DATE('23-06-2032','%d-%m-%Y'),'John Taylor', 10000, 123);
INSERT INTO CREDITCARD VALUES ('2234567891111114',STR_TO_DATE('23-06-2032','%d-%m-%Y'),'John Taylor', 10000, 123);
INSERT INTO CREDITCARD VALUES ('2234567891111115',STR_TO_DATE('23-06-2032','%d-%m-%Y'),'John Taylor', 10000, 123);
INSERT INTO CREDITCARD VALUES ('2234567891111116',STR_TO_DATE('23-06-2032','%d-%m-%Y'),'John Taylor', 10000, 123);
INSERT INTO CREDITCARD VALUES ('2234567891111117',STR_TO_DATE('23-06-2032','%d-%m-%Y'),'John Taylor', 10000, 123);
INSERT INTO CREDITCARD VALUES ('2234567891111118',STR_TO_DATE('23-06-2032','%d-%m-%Y'),'John Taylor', 10000, 123);
INSERT INTO CREDITCARD VALUES ('2234567891111119',STR_TO_DATE('23-06-2032','%d-%m-%Y'),'John Taylor', 10000, 123);
INSERT INTO CREDITCARD VALUES ('2234567891111110',STR_TO_DATE('23-06-2032','%d-%m-%Y'),'John Taylor', 10000, 123);
INSERT INTO CREDITCARD VALUES ('3234567891111119',STR_TO_DATE('23-06-2032','%d-%m-%Y'),'Dan Tran', 10000, 123);
INSERT INTO CREDITCARD VALUES ('3234567891111110',STR_TO_DATE('23-06-2032','%d-%m-%Y'),'Hugo Smith', 10000, 123);
INSERT INTO CREDITCARD VALUES ('3234567891111118',STR_TO_DATE('23-06-2032','%d-%m-%Y'),'Tenzin Niydon', 10000, 123);
INSERT INTO BANKACCOUNT VALUES ('123456','123456789','Dan Tran',1000);
INSERT INTO BANKACCOUNT VALUES ('123456','223456789','Hugo Smith',1000);
INSERT INTO BANKACCOUNT VALUES ('123456','323456789','Tenzin Niydon',1000);